"0","altright_list <- list(
#  ""milo"" = ""423006854503882"",
#  ""coulter"" = ""695526053890545"",
#  ""cernovich"" = ""427302110732180"",
#  ""alexjones"" = ""6499393458"",
#  ""PJW"" = ""242174545810040"",
#  ""lauren"" = ""184795298567879"",
#  ""roaming"" = ""1213352768743538"",
#  ""bps"" = ""359762154043841"",
#  ""blairewhite"" = ""1136054926414603"",
#  ""disdain"" = ""1772552276096911"",
#    ""infowars"" = ""80256732576"",
#    ""abc"" = ""86680728811"",
#    ""nyt"" = ""5281959998"",
#    ""djt"" = ""153080620724"",
#    ""wapo"" = ""6250307292"",
    ""cnn"" = ""5550296508""
)
my_key <- ""EAACEdEose0cBAOc9NQHLzVfV81BA6HE5SZCAUZBRSVYIhInMfouwzeIOlfo9PH1wPDwQWINSX8CjODDcfOwggkVSwaILTPC2TZBIGk8KotEJrEJN4Ip4iZCKt9v7z4jhDthUYmTjphxIT4mRAMppPYZB4YS6L61z09I5Tn1dXa8eyDmjno7STSoclDZBkOguuVgKBuKcJzuwZDZD""
data_list <- list()
for(jj in seq_along(altright_list)){
  
  id <- altright_list[[jj]]
  
  page <- getPage(
    id, 
    my_key, 
    n = 10000, 
    since='2016/12/07', 
    until='2017/12/07'
  )
  
  save(page, file = paste0(""data/"", names(altright_list)[jj], "".Rdata""))
  
  comments <- list()
  for(ii in seq_along(page$id)){
    comments[[ii]] <- get_post(page$id[ii])
    cat(ii)
  }
  comments <- bind_rows(comments)
  #comments <- page$id %>% 
  #  purrr::map_df(get_post)
  
  save(comments, file = paste0(""data/"",names(altright_list)[jj], ""_comments.Rdata""))
  
  cat(jj, ""\n"")
  data_list[[jj]] <- comments
}
"
"1","25"
"1"," "
"1","posts "
"1","50"
"1"," "
"1","posts "
"1","75"
"1"," "
"1","posts "
"1","100"
"1"," "
"1","posts "
"1","125"
"1"," "
"1","posts "
"1","150"
"1"," "
"1","posts "
"1","175"
"1"," "
"1","posts "
"1","200"
"1"," "
"1","posts "
"1","225"
"1"," "
"1","posts "
"1","250"
"1"," "
"1","posts "
"1","275"
"1"," "
"1","posts "
"1","300"
"1"," "
"1","posts "
"1","325"
"1"," "
"1","posts "
"1","350"
"1"," "
"1","posts "
"1","375"
"1"," "
"1","posts "
"1","400"
"1"," "
"1","posts "
"1","425"
"1"," "
"1","posts "
"1","450"
"1"," "
"1","posts "
"1","475"
"1"," "
"1","posts "
"1","500"
"1"," "
"1","posts "
"1","525"
"1"," "
"1","posts "
"1","550"
"1"," "
"1","posts "
"1","575"
"1"," "
"1","posts "
"1","600"
"1"," "
"1","posts "
"1","625"
"1"," "
"1","posts "
"1","650"
"1"," "
"1","posts "
"1","675"
"1"," "
"1","posts "
"1","700"
"1"," "
"1","posts "
"1","725"
"1"," "
"1","posts "
"1","750"
"1"," "
"1","posts "
"1","775"
"1"," "
"1","posts "
"1","800"
"1"," "
"1","posts "
"1","825"
"1"," "
"1","posts "
"1","850"
"1"," "
"1","posts "
"1","875"
"1"," "
"1","posts "
"1","900"
"1"," "
"1","posts "
"1","925"
"1"," "
"1","posts "
"1","950"
"1"," "
"1","posts "
"1","975"
"1"," "
"1","posts "
"1","1000"
"1"," "
"1","posts "
"1","1025"
"1"," "
"1","posts "
"1","1050"
"1"," "
"1","posts "
"1","1075"
"1"," "
"1","posts "
"1","1090"
"1"," "
"1","posts "
"1","5550296508_10157661837026509"
"1"," "
"1","
"
"1","1"
"1","5550296508_10157661744741509"
"1"," "
"1","
"
"1","2"
"1","5550296508_1429138317184303"
"1"," "
"1","
"
"1","3"
"1","5550296508_10157661547571509"
"1"," "
"1","
"
"1","4"
"1","5550296508_10157661402536509"
"1"," "
"1","
"
"1","5"
"1","5550296508_10157661395586509"
"1"," "
"1","
"
"1","6"
"1","5550296508_10157661284246509"
"1"," "
"1","
"
"1","7"
"1","5550296508_10157661233841509"
"1"," "
"1","
"
"1","8"
"1","5550296508_10157661094401509"
"1"," "
"1","
"
"1","9"
"1","5550296508_10157661035976509"
"1"," "
"1","
"
"1","10"
"1","5550296508_10157660895746509"
"1"," "
"1","
"
"1","11"
"1","5550296508_10157660794886509"
"1"," "
"1","
"
"1","12"
"1","5550296508_10157660649786509"
"1"," "
"1","
"
"1","13"
"1","5550296508_10157660552711509"
"1"," "
"1","
"
"1","14"
"1","5550296508_10157660416916509"
"1"," "
"1","
"
"1","15"
"1","5550296508_10157660418746509"
"1"," "
"1","
"
"1","16"
"1","5550296508_10157660372596509"
"1"," "
"1","
"
"1","17"
"1","5550296508_10157660316661509"
"1"," "
"1","
"
"1","18"
"1","5550296508_10157660247641509"
"1"," "
"1","
"
"1","19"
"1","5550296508_10157660153486509"
"1"," "
"1","
"
"1","20"
"1","5550296508_10157660076476509"
"1"," "
"1","
"
"1","21"
"1","5550296508_10157659977556509"
"1"," "
"1","
"
"1","22"
"1","5550296508_10157659771741509"
"1"," "
"1","
"
"1","23"
"1","5550296508_10157659738061509"
"1"," "
"1","
"
"1","24"
"1","5550296508_10157659710486509"
"1"," "
"1","
"
"1","25"
"1","5550296508_10157659579756509"
"1"," "
"1","
"
"1","26"
"1","5550296508_10157659435431509"
"1"," "
"1","
"
"1","27"
"1","5550296508_10157659347031509"
"1"," "
"1","
"
"1","28"
"1","5550296508_10157659223356509"
"1"," "
"1","
"
"1","29"
"1","5550296508_10157658998196509"
"1"," "
"1","
"
"1","30"
"1","5550296508_10157658960231509"
"1"," "
"1","
"
"1","31"
"1","5550296508_10157658884771509"
"1"," "
"1","
"
"1","32"
"1","5550296508_10157658819686509"
"1"," "
"1","
"
"1","33"
"1","5550296508_10157658757281509"
"1"," "
"1","
"
"1","34"
"1","5550296508_10157658711036509"
"1"," "
"1","
"
"1","35"
"1","5550296508_10157658655766509"
"1"," "
"1","
"
"1","36"
"1","5550296508_10157658612276509"
"1"," "
"1","
"
"1","37"
"1","5550296508_10157658562346509"
"1"," "
"1","
"
"1","38"
"1","5550296508_10157658510296509"
"1"," "
"1","
"
"1","39"
"1","5550296508_10157658450931509"
"1"," "
"1","
"
"1","40"
"1","5550296508_10157658354236509"
"1"," "
"1","
"
"1","41"
"1","5550296508_10157658260946509"
"1"," "
"1","
"
"1","42"
"1","5550296508_10157658193816509"
"1"," "
"1","
"
"1","43"
"1","5550296508_10157658126346509"
"1"," "
"1","
"
"1","44"
"1","5550296508_10157658061481509"
"1"," "
"1","
"
"1","45"
"1","5550296508_10157657996001509"
"1"," "
"1","
"
"1","46"
"1","5550296508_10157657924521509"
"1"," "
"1","
"
"1","47"
"1","5550296508_10157657848416509"
"1"," "
"1","
"
"1","48"
"1","5550296508_10157657753751509"
"1"," "
"1","
"
"1","49"
"1","5550296508_10157657653551509"
"1"," "
"1","
"
"1","50"
"1","5550296508_10157657567946509"
"1"," "
"1","
"
"1","51"
"1","5550296508_10157657463801509"
"1"," "
"1","
"
"1","52"
"1","5550296508_10157657370511509"
"1"," "
"1","
"
"1","53"
"1","5550296508_10157657277136509"
"1"," "
"1","
"
"1","54"
"1","5550296508_10157657176571509"
"1"," "
"1","
"
"1","55"
"1","5550296508_10157657042741509"
"1"," "
"1","
"
"1","56"
"1","5550296508_10157656896271509"
"1"," "
"1","
"
"1","57"
"1","5550296508_10157656751626509"
"1"," "
"1","
"
"1","58"
"1","5550296508_10157656649576509"
"1"," "
"1","
"
"1","59"
"1","5550296508_10157656526451509"
"1"," "
"1","
"
"1","60"
"1","5550296508_10157656454951509"
"1"," "
"1","
"
"1","61"
"1","5550296508_10157656174556509"
"1"," "
"1","
"
"1","62"
"1","5550296508_10157655583276509"
"1"," "
"1","
"
"1","63"
"1","5550296508_10157656250861509"
"1"," "
"1","
"
"1","64"
"1","5550296508_10157656176701509"
"1"," "
"1","
"
"1","65"
"1","5550296508_10157656134576509"
"1"," "
"1","
"
"1","66"
"1","5550296508_10157656026116509"
"1"," "
"1","
"
"1","67"
"1","5550296508_10157655913666509"
"1"," "
"1","
"
"1","68"
"1","5550296508_10157655852151509"
"1"," "
"1","
"
"1","69"
"1","5550296508_10157655173301509"
"1"," "
"1","
"
"1","70"
"1","5550296508_10157655670886509"
"1"," "
"1","
"
"1","71"
"1","5550296508_10157655543121509"
"1"," "
"1","
"
"1","72"
"1","5550296508_10157655393971509"
"1"," "
"1","
"
"1","73"
"1","5550296508_10157655287316509"
"1"," "
"1","
"
"1","74"
"1","5550296508_10157655174516509"
"1"," "
"1","
"
"1","75"
"1","5550296508_10157655052416509"
"1"," "
"1","
"
"1","76"
"1","5550296508_10157654894001509"
"1"," "
"1","
"
"1","77"
"1","5550296508_10157654728321509"
"1"," "
"1","
"
"1","78"
"1","5550296508_10157654706406509"
"1"," "
"1","
"
"1","79"
"1","5550296508_10157654706436509"
"1"," "
"1","
"
"1","80"
"1","5550296508_10157654603386509"
"1"," "
"1","
"
"1","81"
"1","5550296508_10157654504321509"
"1"," "
"1","
"
"1","82"
"1","5550296508_10157654419896509"
"1"," "
"1","
"
"1","83"
"1","5550296508_10157654346381509"
"1"," "
"1","
"
"1","84"
"1","5550296508_10157654277821509"
"1"," "
"1","
"
"1","85"
"1","5550296508_10157654201091509"
"1"," "
"1","
"
"1","86"
"1","5550296508_10157654133496509"
"1"," "
"1","
"
"1","87"
"1","5550296508_10157654073931509"
"1"," "
"1","
"
"1","88"
"1","5550296508_10157654014971509"
"1"," "
"1","
"
"1","89"
"1","5550296508_10157653958191509"
"1"," "
"1","
"
"1","90"
"1","5550296508_10157653906991509"
"1"," "
"1","
"
"1","91"
"1","5550296508_10157653848551509"
"1"," "
"1","
"
"1","92"
"1","5550296508_10157653798501509"
"1"," "
"1","
"
"1","93"
"1","5550296508_10157653743921509"
"1"," "
"1","
"
"1","94"
"1","5550296508_10157653637161509"
"1"," "
"1","
"
"1","95"
"1","5550296508_10157653541221509"
"1"," "
"1","
"
"1","96"
"1","5550296508_10157653481091509"
"1"," "
"1","
"
"1","97"
"1","5550296508_10157653439781509"
"1"," "
"1","
"
"1","98"
"1","5550296508_10157653406046509"
"1"," "
"1","
"
"1","99"
"1","5550296508_10157653330361509"
"1"," "
"1","
"
"1","100"
"1","5550296508_10157653256481509"
"1"," "
"1","
"
"1","101"
"1","5550296508_10157653169316509"
"1"," "
"1","
"
"1","102"
"1","5550296508_10157653110486509"
"1"," "
"1","
"
"1","103"
"1","5550296508_10157652999996509"
"1"," "
"1","
"
"1","104"
"1","5550296508_10157652895676509"
"1"," "
"1","
"
"1","105"
"1","5550296508_10157652794186509"
"1"," "
"1","
"
"1","106"
"1","5550296508_10157652693471509"
"1"," "
"1","
"
"1","107"
"1","5550296508_10157652591441509"
"1"," "
"1","
"
"1","108"
"1","5550296508_10157652503091509"
"1"," "
"1","
"
"1","109"
"1","5550296508_10157652410691509"
"1"," "
"1","
"
"1","110"
"1","5550296508_10157652289086509"
"1"," "
"1","
"
"1","111"
"1","5550296508_10157652181731509"
"1"," "
"1","
"
"1","112"
"1","5550296508_10157652051161509"
"1"," "
"1","
"
"1","113"
"1","5550296508_10157651994356509"
"1"," "
"1","
"
"1","114"
"1","5550296508_10157651907786509"
"1"," "
"1","
"
"1","115"
"1","5550296508_10157651556026509"
"1"," "
"1","
"
"1","116"
"1","5550296508_10157651686291509"
"1"," "
"1","
"
"1","117"
"1","5550296508_10157651570681509"
"1"," "
"1","
"
"1","118"
"1","5550296508_10157651496421509"
"1"," "
"1","
"
"1","119"
"1","5550296508_10157651412191509"
"1"," "
"1","
"
"1","120"
"1","5550296508_10157651426306509"
"1"," "
"1","
"
"1","121"
"1","5550296508_10157651241001509"
"1"," "
"1","
"
"1","122"
"1","5550296508_10157651180011509"
"1"," "
"1","
"
"1","123"
"1","5550296508_10157651126581509"
"1"," "
"1","
"
"1","124"
"1","5550296508_10157651045521509"
"1"," "
"1","
"
"1","125"
"1","5550296508_10157650730446509"
"1"," "
"1","
"
"1","126"
"1","5550296508_10157650807916509"
"1"," "
"1","
"
"1","127"
"1","5550296508_10157650699856509"
"1"," "
"1","
"
"1","128"
"1","5550296508_10157650569431509"
"1"," "
"1","
"
"1","129"
"1","5550296508_10157650481611509"
"1"," "
"1","
"
"1","130"
"1","5550296508_10157650366451509"
"1"," "
"1","
"
"1","131"
"1","5550296508_10157650220756509"
"1"," "
"1","
"
"1","132"
"1","5550296508_10157650219896509"
"1"," "
"1","
"
"1","133"
"1","5550296508_10157650110456509"
"1"," "
"1","
"
"1","134"
"1","5550296508_10157650009636509"
"1"," "
"1","
"
"1","135"
"1","5550296508_10157649912111509"
"1"," "
"1","
"
"1","136"
"1","5550296508_10157649842976509"
"1"," "
"1","
"
"1","137"
"1","5550296508_10157649835461509"
"1"," "
"1","
"
"1","138"
"1","5550296508_10157649787076509"
"1"," "
"1","
"
"1","139"
"1","5550296508_10157649720701509"
"1"," "
"1","
"
"1","140"
"1","5550296508_10157649277796509"
"1"," "
"1","
"
"1","141"
"1","5550296508_10157649602366509"
"1"," "
"1","
"
"1","142"
"1","5550296508_10157649544721509"
"1"," "
"1","
"
"1","143"
"1","5550296508_10157649489036509"
"1"," "
"1","
"
"1","144"
"1","5550296508_10157649444491509"
"1"," "
"1","
"
"1","145"
"1","5550296508_10157649391616509"
"1"," "
"1","
"
"1","146"
"1","5550296508_10157649337601509"
"1"," "
"1","
"
"1","147"
"1","5550296508_10157649285696509"
"1"," "
"1","
"
"1","148"
"1","5550296508_10157649234031509"
"1"," "
"1","
"
"1","149"
"1","5550296508_10157649130366509"
"1"," "
"1","
"
"1","150"
"1","5550296508_10157649018336509"
"1"," "
"1","
"
"1","151"
"1","5550296508_10157648947416509"
"1"," "
"1","
"
"1","152"
"1","5550296508_10157648873171509"
"1"," "
"1","
"
"1","153"
"1","5550296508_10157648785126509"
"1"," "
"1","
"
"1","154"
"1","5550296508_10157648700926509"
"1"," "
"1","
"
"1","155"
"1","5550296508_10157648605251509"
"1"," "
"1","
"
"1","156"
"1","5550296508_10157648522431509"
"1"," "
"1","
"
"1","157"
"1","5550296508_10157648420396509"
"1"," "
"1","
"
"1","158"
"1","5550296508_10157648332461509"
"1"," "
"1","
"
"1","159"
"1","5550296508_10157648185536509"
"1"," "
"1","
"
"1","160"
"1","5550296508_10157648013291509"
"1"," "
"1","
"
"1","161"
"1","5550296508_10157647908221509"
"1"," "
"1","
"
"1","162"
"1","5550296508_10157647822606509"
"1"," "
"1","
"
"1","163"
"1","5550296508_10157647696361509"
"1"," "
"1","
"
"1","164"
"1","5550296508_10157647544916509"
"1"," "
"1","
"
"1","165"
"1","5550296508_10157647437316509"
"1"," "
"1","
"
"1","166"
"1","5550296508_10157647334026509"
"1"," "
"1","
"
"1","167"
"1","5550296508_10157647235906509"
"1"," "
"1","
"
"1","168"
"1","5550296508_10157647132846509"
"1"," "
"1","
"
"1","169"
"1","5550296508_10157647024386509"
"1"," "
"1","
"
"1","170"
"1","5550296508_10157646900661509"
"1"," "
"1","
"
"1","171"
"1","5550296508_10157646798281509"
"1"," "
"1","
"
"1","172"
"1","5550296508_10157646633501509"
"1"," "
"1","
"
"1","173"
"1","5550296508_10157646515281509"
"1"," "
"1","
"
"1","174"
"1","5550296508_10157646394411509"
"1"," "
"1","
"
"1","175"
"1","5550296508_10157646282561509"
"1"," "
"1","
"
"1","176"
"1","5550296508_10157646159166509"
"1"," "
"1","
"
"1","177"
"1","5550296508_10157646064046509"
"1"," "
"1","
"
"1","178"
"1","5550296508_10157646006511509"
"1"," "
"1","
"
"1","179"
"1","5550296508_10157645957671509"
"1"," "
"1","
"
"1","180"
"1","5550296508_10157645822941509"
"1"," "
"1","
"
"1","181"
"1","5550296508_10157645693841509"
"1"," "
"1","
"
"1","182"
"1","5550296508_10157645614466509"
"1"," "
"1","
"
"1","183"
"1","5550296508_10157645539996509"
"1"," "
"1","
"
"1","184"
"1","5550296508_10157645394966509"
"1"," "
"1","
"
"1","185"
"1","5550296508_10157645392221509"
"1"," "
"1","
"
"1","186"
"1","5550296508_10157645313466509"
"1"," "
"1","
"
"1","187"
"1","5550296508_10157645259706509"
"1"," "
"1","
"
"1","188"
"1","5550296508_10157645210786509"
"1"," "
"1","
"
"1","189"
"1","5550296508_10157645160816509"
"1"," "
"1","
"
"1","190"
"1","5550296508_10157645115661509"
"1"," "
"1","
"
"1","191"
"1","5550296508_10157645115186509"
"1"," "
"1","
"
"1","192"
"1","5550296508_10157645065541509"
"1"," "
"1","
"
"1","193"
"1","5550296508_10157645022556509"
"1"," "
"1","
"
"1","194"
"1","5550296508_10157644974011509"
"1"," "
"1","
"
"1","195"
"1","5550296508_10157644903356509"
"1"," "
"1","
"
"1","196"
"1","5550296508_10157644900256509"
"1"," "
"1","
"
"1","197"
"1","5550296508_10157644840446509"
"1"," "
"1","
"
"1","198"
"1","5550296508_10157644776541509"
"1"," "
"1","
"
"1","199"
"1","5550296508_10157644775331509"
"1"," "
"1","
"
"1","200"
"1","5550296508_10157644665446509"
"1"," "
"1","
"
"1","201"
"1","5550296508_10157644559576509"
"1"," "
"1","
"
"1","202"
"1","5550296508_10157644501251509"
"1"," "
"1","
"
"1","203"
"1","5550296508_10157644444481509"
"1"," "
"1","
"
"1","204"
"1","5550296508_10157644383721509"
"1"," "
"1","
"
"1","205"
"1","5550296508_10157644323666509"
"1"," "
"1","
"
"1","206"
"1","5550296508_10157644258646509"
"1"," "
"1","
"
"1","207"
"1","5550296508_10157644195501509"
"1"," "
"1","
"
"1","208"
"1","5550296508_10157644104966509"
"1"," "
"1","
"
"1","209"
"1","5550296508_10157638557496509"
"1"," "
"1","
"
"1","210"
"1","5550296508_10157644029526509"
"1"," "
"1","
"
"1","211"
"1","5550296508_10157643962211509"
"1"," "
"1","
"
"1","212"
"1","5550296508_10157643888321509"
"1"," "
"1","
"
"1","213"
"1","5550296508_10157643803476509"
"1"," "
"1","
"
"1","214"
"1","5550296508_10157643721961509"
"1"," "
"1","
"
"1","215"
"1","5550296508_10157643644776509"
"1"," "
"1","
"
"1","216"
"1","5550296508_10157643562331509"
"1"," "
"1","
"
"1","217"
"1","5550296508_10157643432411509"
"1"," "
"1","
"
"1","218"
"1","5550296508_10157643305781509"
"1"," "
"1","
"
"1","219"
"1","5550296508_10157643219281509"
"1"," "
"1","
"
"1","220"
"1","5550296508_10157643131681509"
"1"," "
"1","
"
"1","221"
"1","5550296508_10157643014346509"
"1"," "
"1","
"
"1","222"
"1","5550296508_10157642927556509"
"1"," "
"1","
"
"1","223"
"1","5550296508_10157642828751509"
"1"," "
"1","
"
"1","224"
"1","5550296508_10157642728816509"
"1"," "
"1","
"
"1","225"
"1","5550296508_10157642620111509"
"1"," "
"1","
"
"1","226"
"1","5550296508_10157642523476509"
"1"," "
"1","
"
"1","227"
"1","5550296508_10157642432381509"
"1"," "
"1","
"
"1","228"
"1","5550296508_10157642321791509"
"1"," "
"1","
"
"1","229"
"1","5550296508_10157642222911509"
"1"," "
"1","
"
"1","230"
"1","5550296508_10157642113596509"
"1"," "
"1","
"
"1","231"
"1","5550296508_10157641956011509"
"1"," "
"1","
"
"1","232"
"1","5550296508_10157641897526509"
"1"," "
"1","
"
"1","233"
"1","5550296508_10157641757056509"
"1"," "
"1","
"
"1","234"
"1","5550296508_10157641683901509"
"1"," "
"1","
"
"1","235"
"1","5550296508_10157641619996509"
"1"," "
"1","
"
"1","236"
"1","5550296508_10157641532571509"
"1"," "
"1","
"
"1","237"
"1","5550296508_1423220214442780"
"1"," "
"1","
"
"1","238"
"1","5550296508_10157641459486509"
"1"," "
"1","
"
"1","239"
"1","5550296508_10157641384486509"
"1"," "
"1","
"
"1","240"
"1","5550296508_10157641322286509"
"1"," "
"1","
"
"1","241"
"1","5550296508_10157641247096509"
"1"," "
"1","
"
"1","242"
"1","5550296508_10157641190101509"
"1"," "
"1","
"
"1","243"
"1","5550296508_10157641128786509"
"1"," "
"1","
"
"1","244"
"1","5550296508_10157641076996509"
"1"," "
"1","
"
"1","245"
"1","5550296508_10157641023901509"
"1"," "
"1","
"
"1","246"
"1","5550296508_10157640973721509"
"1"," "
"1","
"
"1","247"
"1","5550296508_10157640918616509"
"1"," "
"1","
"
"1","248"
"1","5550296508_10157630655766509"
"1"," "
"1","
"
"1","249"
"1","5550296508_10157640856771509"
"1"," "
"1","
"
"1","250"
"1","5550296508_10157640804661509"
"1"," "
"1","
"
"1","251"
"1","5550296508_10157640798981509"
"1"," "
"1","
"
"1","252"
"1","5550296508_10157640747946509"
"1"," "
"1","
"
"1","253"
"1","5550296508_10157640663011509"
"1"," "
"1","
"
"1","254"
"1","5550296508_10157640568841509"
"1"," "
"1","
"
"1","255"
"1","5550296508_10157640496291509"
"1"," "
"1","
"
"1","256"
"1","5550296508_10157640491091509"
"1"," "
"1","
"
"1","257"
"1","5550296508_10157640439676509"
"1"," "
"1","
"
"1","258"
"1","5550296508_10157640357701509"
"1"," "
"1","
"
"1","259"
"1","5550296508_10157640278281509"
"1"," "
"1","
"
"1","260"
"1","5550296508_10157640215936509"
"1"," "
"1","
"
"1","261"
"1","5550296508_10157640147526509"
"1"," "
"1","
"
"1","262"
"1","5550296508_10157640066796509"
"1"," "
"1","
"
"1","263"
"1","5550296508_10157639996496509"
"1"," "
"1","
"
"1","264"
"1","5550296508_10157639893891509"
"1"," "
"1","
"
"1","265"
"1","5550296508_10157639822191509"
"1"," "
"1","
"
"1","266"
"1","5550296508_10157639755781509"
"1"," "
"1","
"
"1","267"
"1","5550296508_10157639694711509"
"1"," "
"1","
"
"1","268"
"1","5550296508_10157639611496509"
"1"," "
"1","
"
"1","269"
"1","5550296508_10157639538281509"
"1"," "
"1","
"
"1","270"
"1","5550296508_10157639408736509"
"1"," "
"1","
"
"1","271"
"1","5550296508_10157639282481509"
"1"," "
"1","
"
"1","272"
"1","5550296508_10157639202756509"
"1"," "
"1","
"
"1","273"
"1","5550296508_10157638150541509"
"1"," "
"1","
"
"1","274"
"1","5550296508_10157639110616509"
"1"," "
"1","
"
"1","275"
"1","5550296508_10157639013006509"
"1"," "
"1","
"
"1","276"
"1","5550296508_10157638930386509"
"1"," "
"1","
"
"1","277"
"1","5550296508_10157638839501509"
"1"," "
"1","
"
"1","278"
"1","5550296508_10157638748121509"
"1"," "
"1","
"
"1","279"
"1","5550296508_10157638645236509"
"1"," "
"1","
"
"1","280"
"1","5550296508_10157638541406509"
"1"," "
"1","
"
"1","281"
"1","5550296508_10157638460671509"
"1"," "
"1","
"
"1","282"
"1","5550296508_10157638363816509"
"1"," "
"1","
"
"1","283"
"1","5550296508_10157638216676509"
"1"," "
"1","
"
"1","284"
"1","5550296508_10157638197631509"
"1"," "
"1","
"
"1","285"
"1","5550296508_10157638014401509"
"1"," "
"1","
"
"1","286"
"1","5550296508_10157637891171509"
"1"," "
"1","
"
"1","287"
"1","5550296508_10157637762791509"
"1"," "
"1","
"
"1","288"
"1","5550296508_10157637666551509"
"1"," "
"1","
"
"1","289"
"1","5550296508_10157637649201509"
"1"," "
"1","
"
"1","290"
"1","5550296508_10157637527291509"
"1"," "
"1","
"
"1","291"
"1","5550296508_10157637439256509"
"1"," "
"1","
"
"1","292"
"1","5550296508_10157637321796509"
"1"," "
"1","
"
"1","293"
"1","5550296508_10157637239261509"
"1"," "
"1","
"
"1","294"
"1","5550296508_10157637193121509"
"1"," "
"1","
"
"1","295"
"1","5550296508_10157637141381509"
"1"," "
"1","
"
"1","296"
"1","5550296508_10157637089106509"
"1"," "
"1","
"
"1","297"
"1","5550296508_10157637028071509"
"1"," "
"1","
"
"1","298"
"1","5550296508_10157636979911509"
"1"," "
"1","
"
"1","299"
"1","5550296508_10157636930536509"
"1"," "
"1","
"
"1","300"
"1","5550296508_10157636875841509"
"1"," "
"1","
"
"1","301"
"1","5550296508_10157636831221509"
"1"," "
"1","
"
"1","302"
"1","5550296508_10157636783881509"
"1"," "
"1","
"
"1","303"
"1","5550296508_10157636737441509"
"1"," "
"1","
"
"1","304"
"1","5550296508_10157636635281509"
"1"," "
"1","
"
"1","305"
"1","5550296508_10157636544736509"
"1"," "
"1","
"
"1","306"
"1","5550296508_10157636496881509"
"1"," "
"1","
"
"1","307"
"1","5550296508_10157636438796509"
"1"," "
"1","
"
"1","308"
"1","5550296508_10157636370666509"
"1"," "
"1","
"
"1","309"
"1","5550296508_10157636308591509"
"1"," "
"1","
"
"1","310"
"1","5550296508_10157636239251509"
"1"," "
"1","
"
"1","311"
"1","5550296508_10157636162196509"
"1"," "
"1","
"
"1","312"
"1","5550296508_10157636059541509"
"1"," "
"1","
"
"1","313"
"1","5550296508_10157635959916509"
"1"," "
"1","
"
"1","314"
"1","5550296508_10157635961171509"
"1"," "
"1","
"
"1","315"
"1","5550296508_10157635859336509"
"1"," "
"1","
"
"1","316"
"1","5550296508_10157635786581509"
"1"," "
"1","
"
"1","317"
"1","5550296508_10157635705251509"
"1"," "
"1","
"
"1","318"
"1","5550296508_10157635630661509"
"1"," "
"1","
"
"1","319"
"1","5550296508_10157635510656509"
"1"," "
"1","
"
"1","320"
"1","5550296508_10157635507931509"
"1"," "
"1","
"
"1","321"
"1","5550296508_10157635392951509"
"1"," "
"1","
"
"1","322"
"1","5550296508_10157635264591509"
"1"," "
"1","
"
"1","323"
"1","5550296508_10157635149456509"
"1"," "
"1","
"
"1","324"
"1","5550296508_10157635074216509"
"1"," "
"1","
"
"1","325"
"1","5550296508_10157634969586509"
"1"," "
"1","
"
"1","326"
"1","5550296508_10157634858681509"
"1"," "
"1","
"
"1","327"
"1","5550296508_10157634762646509"
"1"," "
"1","
"
"1","328"
"1","5550296508_10157634780821509"
"1"," "
"1","
"
"1","329"
"1","5550296508_10157634685346509"
"1"," "
"1","
"
"1","330"
"1","5550296508_10157634587816509"
"1"," "
"1","
"
"1","331"
"1","5550296508_10157634480806509"
"1"," "
"1","
"
"1","332"
"1","5550296508_10157634374136509"
"1"," "
"1","
"
"1","333"
"1","5550296508_10157634300931509"
"1"," "
"1","
"
"1","334"
"1","5550296508_10157634211256509"
"1"," "
"1","
"
"1","335"
"1","5550296508_10157634139816509"
"1"," "
"1","
"
"1","336"
"1","5550296508_10157634041576509"
"1"," "
"1","
"
"1","337"
"1","5550296508_10157633964581509"
"1"," "
"1","
"
"1","338"
"1","5550296508_10157633883716509"
"1"," "
"1","
"
"1","339"
"1","5550296508_10157633753556509"
"1"," "
"1","
"
"1","340"
"1","5550296508_10157633606831509"
"1"," "
"1","
"
"1","341"
"1","5550296508_10157633528296509"
"1"," "
"1","
"
"1","342"
"1","5550296508_10157633442611509"
"1"," "
"1","
"
"1","343"
"1","5550296508_10157633366801509"
"1"," "
"1","
"
"1","344"
"1","5550296508_10157633290051509"
"1"," "
"1","
"
"1","345"
"1","5550296508_10157633163366509"
"1"," "
"1","
"
"1","346"
"1","5550296508_10157633116456509"
"1"," "
"1","
"
"1","347"
"1","5550296508_10157633085001509"
"1"," "
"1","
"
"1","348"
"1","5550296508_1422696461161822"
"1"," "
"1","
"
"1","349"
"1","5550296508_10157632971906509"
"1"," "
"1","
"
"1","350"
"1","5550296508_10157632927636509"
"1"," "
"1","
"
"1","351"
"1","5550296508_10157632879926509"
"1"," "
"1","
"
"1","352"
"1","5550296508_10157632831786509"
"1"," "
"1","
"
"1","353"
"1","5550296508_10157632780301509"
"1"," "
"1","
"
"1","354"
"1","5550296508_10157632725456509"
"1"," "
"1","
"
"1","355"
"1","5550296508_10157632626291509"
"1"," "
"1","
"
"1","356"
"1","5550296508_10157632521566509"
"1"," "
"1","
"
"1","357"
"1","5550296508_10157632463751509"
"1"," "
"1","
"
"1","358"
"1","5550296508_10157632383401509"
"1"," "
"1","
"
"1","359"
"1","5550296508_10157632326946509"
"1"," "
"1","
"
"1","360"
"1","5550296508_10157632273146509"
"1"," "
"1","
"
"1","361"
"1","5550296508_10157632199401509"
"1"," "
"1","
"
"1","362"
"1","5550296508_10157632134076509"
"1"," "
"1","
"
"1","363"
"1","5550296508_10157632052386509"
"1"," "
"1","
"
"1","364"
"1","5550296508_10157631962196509"
"1"," "
"1","
"
"1","365"
"1","5550296508_10157631866651509"
"1"," "
"1","
"
"1","366"
"1","5550296508_10157631791341509"
"1"," "
"1","
"
"1","367"
"1","5550296508_10157631717131509"
"1"," "
"1","
"
"1","368"
"1","5550296508_10157631592801509"
"1"," "
"1","
"
"1","369"
"1","5550296508_10157631509791509"
"1"," "
"1","
"
"1","370"
"1","5550296508_10157631427471509"
"1"," "
"1","
"
"1","371"
"1","5550296508_10157631303876509"
"1"," "
"1","
"
"1","372"
"1","5550296508_10157631153616509"
"1"," "
"1","
"
"1","373"
"1","5550296508_10157631027146509"
"1"," "
"1","
"
"1","374"
"1","5550296508_10157630969611509"
"1"," "
"1","
"
"1","375"
"1","5550296508_10157630877996509"
"1"," "
"1","
"
"1","376"
"1","5550296508_10157630778151509"
"1"," "
"1","
"
"1","377"
"1","5550296508_10157630668271509"
"1"," "
"1","
"
"1","378"
"1","5550296508_10157630583611509"
"1"," "
"1","
"
"1","379"
"1","5550296508_10157630461576509"
"1"," "
"1","
"
"1","380"
"1","5550296508_10157630391071509"
"1"," "
"1","
"
"1","381"
"1","5550296508_10157630274766509"
"1"," "
"1","
"
"1","382"
"1","5550296508_10157630234771509"
"1"," "
"1","
"
"1","383"
"1","5550296508_10157630184771509"
"1"," "
"1","
"
"1","384"
"1","5550296508_10157630108251509"
"1"," "
"1","
"
"1","385"
"1","5550296508_10157630020381509"
"1"," "
"1","
"
"1","386"
"1","5550296508_10157629881756509"
"1"," "
"1","
"
"1","387"
"1","5550296508_10157629764351509"
"1"," "
"1","
"
"1","388"
"1","5550296508_10157629585311509"
"1"," "
"1","
"
"1","389"
"1","5550296508_10157629421526509"
"1"," "
"1","
"
"1","390"
"1","5550296508_10157629315511509"
"1"," "
"1","
"
"1","391"
"1","5550296508_10157629242731509"
"1"," "
"1","
"
"1","392"
"1","5550296508_10157629136616509"
"1"," "
"1","
"
"1","393"
"1","5550296508_10157629050736509"
"1"," "
"1","
"
"1","394"
"1","5550296508_10157629035091509"
"1"," "
"1","
"
"1","395"
"1","5550296508_10157629005241509"
"1"," "
"1","
"
"1","396"
"1","5550296508_10157628949771509"
"1"," "
"1","
"
"1","397"
"1","5550296508_10157628883981509"
"1"," "
"1","
"
"1","398"
"1","5550296508_10157628830216509"
"1"," "
"1","
"
"1","399"
"1","5550296508_10157628775516509"
"1"," "
"1","
"
"1","400"
"1","5550296508_10157628708096509"
"1"," "
"1","
"
"1","401"
"1","5550296508_10157628665796509"
"1"," "
"1","
"
"1","402"
"1","5550296508_10157628622256509"
"1"," "
"1","
"
"1","403"
"1","5550296508_10157626945236509"
"1"," "
"1","
"
"1","404"
"1","5550296508_10157622751661509"
"1"," "
"1","
"
"1","405"
"1","5550296508_10157622536981509"
"1"," "
"1","
"
"1","406"
"1","5550296508_10157621815701509"
"1"," "
"1","
"
"1","407"
"1","5550296508_10157620879856509"
"1"," "
"1","
"
"1","408"
"1","5550296508_10157620573161509"
"1"," "
"1","
"
"1","409"
"1","5550296508_10157618861596509"
"1"," "
"1","
"
"1","410"
"1","5550296508_10157618446571509"
"1"," "
"1","
"
"1","411"
"1","5550296508_10157617562471509"
"1"," "
"1","
"
"1","412"
"1","5550296508_10157614657261509"
"1"," "
"1","
"
"1","413"
"1","5550296508_10157613279226509"
"1"," "
"1","
"
"1","414"
"1","5550296508_10157612921826509"
"1"," "
"1","
"
"1","415"
"1","5550296508_10157612292706509"
"1"," "
"1","
"
"1","416"
"1","5550296508_10157611457981509"
"1"," "
"1","
"
"1","417"
"1","5550296508_10157611240611509"
"1"," "
"1","
"
"1","418"
"1","5550296508_10157610557161509"
"1"," "
"1","
"
"1","419"
"1","5550296508_10157609786756509"
"1"," "
"1","
"
"1","420"
"1","5550296508_10157609661146509"
"1"," "
"1","
"
"1","421"
"1","5550296508_10157607848451509"
"1"," "
"1","
"
"1","422"
"1","5550296508_10157607501311509"
"1"," "
"1","
"
"1","423"
"1","5550296508_10157607382366509"
"1"," "
"1","
"
"1","424"
"1","5550296508_10157607058991509"
"1"," "
"1","
"
"1","425"
"1","5550296508_10157606270626509"
"1"," "
"1","
"
"1","426"
"1","5550296508_10157603457426509"
"1"," "
"1","
"
"1","427"
"1","5550296508_10157603323571509"
"1"," "
"1","
"
"1","428"
"1","5550296508_10157601200941509"
"1"," "
"1","
"
"1","429"
"1","5550296508_10157599521621509"
"1"," "
"1","
"
"1","430"
"1","5550296508_10157597926131509"
"1"," "
"1","
"
"1","431"
"1","5550296508_10157594966566509"
"1"," "
"1","
"
"1","432"
"1","5550296508_10157594028866509"
"1"," "
"1","
"
"1","433"
"1","5550296508_10157593954606509"
"1"," "
"1","
"
"1","434"
"1","5550296508_10157587312861509"
"1"," "
"1","
"
"1","435"
"1","5550296508_10157592370341509"
"1"," "
"1","
"
"1","436"
"1","5550296508_10157592042541509"
"1"," "
"1","
"
"1","437"
"1","5550296508_10157591121406509"
"1"," "
"1","
"
"1","438"
"1","5550296508_10157590443706509"
"1"," "
"1","
"
"1","439"
"1","5550296508_10157588831501509"
"1"," "
"1","
"
"1","440"
"1","5550296508_10157587945386509"
"1"," "
"1","
"
"1","441"
"1","5550296508_10157587244251509"
"1"," "
"1","
"
"1","442"
"1","5550296508_10157586252471509"
"1"," "
"1","
"
"1","443"
"1","5550296508_10157585095916509"
"1"," "
"1","
"
"1","444"
"1","5550296508_10157584464076509"
"1"," "
"1","
"
"1","445"
"1","5550296508_10157583939886509"
"1"," "
"1","
"
"1","446"
"1","5550296508_10157583787081509"
"1"," "
"1","
"
"1","447"
"1","5550296508_10157581121626509"
"1"," "
"1","
"
"1","448"
"1","5550296508_10157581024561509"
"1"," "
"1","
"
"1","449"
"1","5550296508_10157579352861509"
"1"," "
"1","
"
"1","450"
"1","5550296508_10157577925996509"
"1"," "
"1","
"
"1","451"
"1","5550296508_10157576519731509"
"1"," "
"1","
"
"1","452"
"1","5550296508_10157573828596509"
"1"," "
"1","
"
"1","453"
"1","5550296508_10157572663056509"
"1"," "
"1","
"
"1","454"
"1","5550296508_10157571093226509"
"1"," "
"1","
"
"1","455"
"1","5550296508_10157571016651509"
"1"," "
"1","
"
"1","456"
"1","5550296508_10157570023716509"
"1"," "
"1","
"
"1","457"
"1","5550296508_10157568948961509"
"1"," "
"1","
"
"1","458"
"1","5550296508_10157568299921509"
"1"," "
"1","
"
"1","459"
"1","5550296508_10157565040486509"
"1"," "
"1","
"
"1","460"
"1","5550296508_10157563426201509"
"1"," "
"1","
"
"1","461"
"1","5550296508_10157560234331509"
"1"," "
"1","
"
"1","462"
"1","5550296508_10157559749736509"
"1"," "
"1","
"
"1","463"
"1","5550296508_10157557526261509"
"1"," "
"1","
"
"1","464"
"1","5550296508_10157557418636509"
"1"," "
"1","
"
"1","465"
"1","5550296508_10157557387426509"
"1"," "
"1","
"
"1","466"
"1","5550296508_10157557008926509"
"1"," "
"1","
"
"1","467"
"1","5550296508_10157556704006509"
"1"," "
"1","
"
"1","468"
"1","5550296508_10157556647371509"
"1"," "
"1","
"
"1","469"
"1","5550296508_10157554362906509"
"1"," "
"1","
"
"1","470"
"1","5550296508_10157552997176509"
"1"," "
"1","
"
"1","471"
"1","5550296508_10157552905671509"
"1"," "
"1","
"
"1","472"
"1","5550296508_10157551961036509"
"1"," "
"1","
"
"1","473"
"1","5550296508_10157550042241509"
"1"," "
"1","
"
"1","474"
"1","5550296508_10157549991731509"
"1"," "
"1","
"
"1","475"
"1","5550296508_10157546031461509"
"1"," "
"1","
"
"1","476"
"1","5550296508_10157544747616509"
"1"," "
"1","
"
"1","477"
"1","5550296508_10157544612716509"
"1"," "
"1","
"
"1","478"
"1","5550296508_10157543885891509"
"1"," "
"1","
"
"1","479"
"1","5550296508_10157540292161509"
"1"," "
"1","
"
"1","480"
"1","5550296508_10157538437136509"
"1"," "
"1","
"
"1","481"
"1","5550296508_10157538304426509"
"1"," "
"1","
"
"1","482"
"1","5550296508_10157537436371509"
"1"," "
"1","
"
"1","483"
"1","5550296508_10157536124261509"
"1"," "
"1","
"
"1","484"
"1","5550296508_10157535177616509"
"1"," "
"1","
"
"1","485"
"1","5550296508_10157533464371509"
"1"," "
"1","
"
"1","486"
"1","5550296508_10157533406436509"
"1"," "
"1","
"
"1","487"
"1","5550296508_10157533093836509"
"1"," "
"1","
"
"1","488"
"1","5550296508_10157531238041509"
"1"," "
"1","
"
"1","489"
"1","5550296508_10157530362766509"
"1"," "
"1","
"
"1","490"
"1","5550296508_10157528489621509"
"1"," "
"1","
"
"1","491"
"1","5550296508_10157527493071509"
"1"," "
"1","
"
"1","492"
"1","5550296508_10157526969436509"
"1"," "
"1","
"
"1","493"
"1","5550296508_10157525827101509"
"1"," "
"1","
"
"1","494"
"1","5550296508_10157524959646509"
"1"," "
"1","
"
"1","495"
"1","5550296508_10157524915291509"
"1"," "
"1","
"
"1","496"
"1","5550296508_10157523895001509"
"1"," "
"1","
"
"1","497"
"1","5550296508_10157523568031509"
"1"," "
"1","
"
"1","498"
"1","5550296508_10157523543656509"
"1"," "
"1","
"
"1","499"
"1","5550296508_10157522850456509"
"1"," "
"1","
"
"1","500"
"1","5550296508_10157521652441509"
"1"," "
"1","
"
"1","501"
"1","5550296508_10157383010001509"
"1"," "
"1","
"
"1","502"
"1","5550296508_10157382773686509"
"1"," "
"1","
"
"1","503"
"1","5550296508_10157380926056509"
"1"," "
"1","
"
"1","504"
"1","5550296508_10157380338806509"
"1"," "
"1","
"
"1","505"
"1","5550296508_10157379628231509"
"1"," "
"1","
"
"1","506"
"1","5550296508_10157378645201509"
"1"," "
"1","
"
"1","507"
"1","5550296508_10157377569771509"
"1"," "
"1","
"
"1","508"
"1","5550296508_10157376556806509"
"1"," "
"1","
"
"1","509"
"1","5550296508_10157376264401509"
"1"," "
"1","
"
"1","510"
"1","5550296508_10157375711051509"
"1"," "
"1","
"
"1","511"
"1","5550296508_10157374028986509"
"1"," "
"1","
"
"1","512"
"1","5550296508_10157373969166509"
"1"," "
"1","
"
"1","513"
"1","5550296508_10157373571656509"
"1"," "
"1","
"
"1","514"
"1","5550296508_10157372624276509"
"1"," "
"1","
"
"1","515"
"1","5550296508_10157369840616509"
"1"," "
"1","
"
"1","516"
"1","5550296508_10157369572926509"
"1"," "
"1","
"
"1","517"
"1","5550296508_10157366867446509"
"1"," "
"1","
"
"1","518"
"1","5550296508_10157365952076509"
"1"," "
"1","
"
"1","519"
"1","5550296508_10157365729711509"
"1"," "
"1","
"
"1","520"
"1","5550296508_10157364519066509"
"1"," "
"1","
"
"1","521"
"1","5550296508_10157364513291509"
"1"," "
"1","
"
"1","522"
"1","5550296508_10157364108446509"
"1"," "
"1","
"
"1","523"
"1","5550296508_1367124640052338"
"1"," "
"1","
"
"1","524"
"1","5550296508_10157362503651509"
"1"," "
"1","
"
"1","525"
"1","5550296508_10157361417041509"
"1"," "
"1","
"
"1","526"
"1","5550296508_10157358487381509"
"1"," "
"1","
"
"1","527"
"1","5550296508_10157358229226509"
"1"," "
"1","
"
"1","528"
"1","5550296508_10157357823571509"
"1"," "
"1","
"
"1","529"
"1","5550296508_10157357667171509"
"1"," "
"1","
"
"1","530"
"1","5550296508_10157353238946509"
"1"," "
"1","
"
"1","531"
"1","5550296508_10157352947556509"
"1"," "
"1","
"
"1","532"
"1","5550296508_10157351893671509"
"1"," "
"1","
"
"1","533"
"1","5550296508_10157349838541509"
"1"," "
"1","
"
"1","534"
"1","5550296508_10157347567686509"
"1"," "
"1","
"
"1","535"
"1","5550296508_10157347144741509"
"1"," "
"1","
"
"1","536"
"1","5550296508_10157346246041509"
"1"," "
"1","
"
"1","537"
"1","5550296508_10157343137881509"
"1"," "
"1","
"
"1","538"
"1","5550296508_10157341882696509"
"1"," "
"1","
"
"1","539"
"1","5550296508_10157341060971509"
"1"," "
"1","
"
"1","540"
"1","5550296508_10157340764486509"
"1"," "
"1","
"
"1","541"
"1","5550296508_10157339801946509"
"1"," "
"1","
"
"1","542"
"1","5550296508_10157339213736509"
"1"," "
"1","
"
"1","543"
"1","5550296508_10157339206321509"
"1"," "
"1","
"
"1","544"
"1","5550296508_10157339091406509"
"1"," "
"1","
"
"1","545"
"1","5550296508_10157338578051509"
"1"," "
"1","
"
"1","546"
"1","5550296508_10157338367396509"
"1"," "
"1","
"
"1","547"
"1","5550296508_10157338169346509"
"1"," "
"1","
"
"1","548"
"1","5550296508_10157337882386509"
"1"," "
"1","
"
"1","549"
"1","5550296508_10157336120381509"
"1"," "
"1","
"
"1","550"
"1","5550296508_10157335401096509"
"1"," "
"1","
"
"1","551"
"1","5550296508_10157335072251509"
"1"," "
"1","
"
"1","552"
"1","5550296508_10157333863151509"
"1"," "
"1","
"
"1","553"
"1","5550296508_10157332629351509"
"1"," "
"1","
"
"1","554"
"1","5550296508_10157332348681509"
"1"," "
"1","
"
"1","555"
"1","5550296508_10157332088146509"
"1"," "
"1","
"
"1","556"
"1","5550296508_10157331778501509"
"1"," "
"1","
"
"1","557"
"1","5550296508_10157331661781509"
"1"," "
"1","
"
"1","558"
"1","5550296508_10157331464246509"
"1"," "
"1","
"
"1","559"
"1","5550296508_10157330922861509"
"1"," "
"1","
"
"1","560"
"1","5550296508_10157329804541509"
"1"," "
"1","
"
"1","561"
"1","5550296508_10157329270031509"
"1"," "
"1","
"
"1","562"
"1","5550296508_10157329196831509"
"1"," "
"1","
"
"1","563"
"1","5550296508_10157329060706509"
"1"," "
"1","
"
"1","564"
"1","5550296508_10157327821116509"
"1"," "
"1","
"
"1","565"
"1","5550296508_10157316985806509"
"1"," "
"1","
"
"1","566"
"1","5550296508_10157316971556509"
"1"," "
"1","
"
"1","567"
"1","5550296508_10157323951086509"
"1"," "
"1","
"
"1","568"
"1","5550296508_10157322654366509"
"1"," "
"1","
"
"1","569"
"1","5550296508_10157321612791509"
"1"," "
"1","
"
"1","570"
"1","5550296508_10157319972846509"
"1"," "
"1","
"
"1","571"
"1","5550296508_10157318292381509"
"1"," "
"1","
"
"1","572"
"1","5550296508_10157317307691509"
"1"," "
"1","
"
"1","573"
"1","5550296508_10157316362471509"
"1"," "
"1","
"
"1","574"
"1","5550296508_10157315809076509"
"1"," "
"1","
"
"1","575"
"1","5550296508_10157315563791509"
"1"," "
"1","
"
"1","576"
"1","5550296508_10157315559196509"
"1"," "
"1","
"
"1","577"
"1","5550296508_10157314118536509"
"1"," "
"1","
"
"1","578"
"1","5550296508_10157310311401509"
"1"," "
"1","
"
"1","579"
"1","5550296508_10157310143711509"
"1"," "
"1","
"
"1","580"
"1","5550296508_10157310024566509"
"1"," "
"1","
"
"1","581"
"1","5550296508_10157309763141509"
"1"," "
"1","
"
"1","582"
"1","5550296508_10157309664636509"
"1"," "
"1","
"
"1","583"
"1","5550296508_10157309478091509"
"1"," "
"1","
"
"1","584"
"1","5550296508_10157309470126509"
"1"," "
"1","
"
"1","585"
"1","5550296508_10157308377796509"
"1"," "
"1","
"
"1","586"
"1","5550296508_10157307989836509"
"1"," "
"1","
"
"1","587"
"1","5550296508_10157307831881509"
"1"," "
"1","
"
"1","588"
"1","5550296508_10157306217846509"
"1"," "
"1","
"
"1","589"
"1","5550296508_10157306010826509"
"1"," "
"1","
"
"1","590"
"1","5550296508_10157305934736509"
"1"," "
"1","
"
"1","591"
"1","5550296508_10157305556741509"
"1"," "
"1","
"
"1","592"
"1","5550296508_10157305476716509"
"1"," "
"1","
"
"1","593"
"1","5550296508_10157305406871509"
"1"," "
"1","
"
"1","594"
"1","5550296508_10157304549901509"
"1"," "
"1","
"
"1","595"
"1","5550296508_10157304395411509"
"1"," "
"1","
"
"1","596"
"1","5550296508_10157301950176509"
"1"," "
"1","
"
"1","597"
"1","5550296508_10157301756081509"
"1"," "
"1","
"
"1","598"
"1","5550296508_10157301596246509"
"1"," "
"1","
"
"1","599"
"1","5550296508_10157299489536509"
"1"," "
"1","
"
"1","600"
"1","5550296508_10157299168251509"
"1"," "
"1","
"
"1","601"
"1","5550296508_10157298320836509"
"1"," "
"1","
"
"1","602"
"1","5550296508_10157297367826509"
"1"," "
"1","
"
"1","603"
"1","5550296508_10157296566171509"
"1"," "
"1","
"
"1","604"
"1","5550296508_10157296065321509"
"1"," "
"1","
"
"1","605"
"1","5550296508_10157295528511509"
"1"," "
"1","
"
"1","606"
"1","5550296508_10157294638221509"
"1"," "
"1","
"
"1","607"
"1","5550296508_10157294503666509"
"1"," "
"1","
"
"1","608"
"1","5550296508_10157293225986509"
"1"," "
"1","
"
"1","609"
"1","5550296508_10157292922591509"
"1"," "
"1","
"
"1","610"
"1","5550296508_10157292440306509"
"1"," "
"1","
"
"1","611"
"1","5550296508_10157290189131509"
"1"," "
"1","
"
"1","612"
"1","5550296508_10157289928631509"
"1"," "
"1","
"
"1","613"
"1","5550296508_10157289728531509"
"1"," "
"1","
"
"1","614"
"1","5550296508_10157289491476509"
"1"," "
"1","
"
"1","615"
"1","5550296508_10157289408286509"
"1"," "
"1","
"
"1","616"
"1","5550296508_10157289273951509"
"1"," "
"1","
"
"1","617"
"1","5550296508_10157285875856509"
"1"," "
"1","
"
"1","618"
"1","5550296508_10157286630116509"
"1"," "
"1","
"
"1","619"
"1","5550296508_10157286426156509"
"1"," "
"1","
"
"1","620"
"1","5550296508_10157286343131509"
"1"," "
"1","
"
"1","621"
"1","5550296508_10157284556226509"
"1"," "
"1","
"
"1","622"
"1","5550296508_10157283234096509"
"1"," "
"1","
"
"1","623"
"1","5550296508_10157282639981509"
"1"," "
"1","
"
"1","624"
"1","5550296508_10157282236681509"
"1"," "
"1","
"
"1","625"
"1","5550296508_10157282166216509"
"1"," "
"1","
"
"1","626"
"1","5550296508_10157282122876509"
"1"," "
"1","
"
"1","627"
"1","5550296508_10157281969126509"
"1"," "
"1","
"
"1","628"
"1","5550296508_10157281620946509"
"1"," "
"1","
"
"1","629"
"1","5550296508_10157281549506509"
"1"," "
"1","
"
"1","630"
"1","5550296508_10157279567091509"
"1"," "
"1","
"
"1","631"
"1","5550296508_10157278544266509"
"1"," "
"1","
"
"1","632"
"1","5550296508_10157277401001509"
"1"," "
"1","
"
"1","633"
"1","5550296508_10157274740521509"
"1"," "
"1","
"
"1","634"
"1","5550296508_10157273128726509"
"1"," "
"1","
"
"1","635"
"1","5550296508_10157269707031509"
"1"," "
"1","
"
"1","636"
"1","5550296508_10157268359121509"
"1"," "
"1","
"
"1","637"
"1","5550296508_10157267877326509"
"1"," "
"1","
"
"1","638"
"1","5550296508_10157267704296509"
"1"," "
"1","
"
"1","639"
"1","5550296508_10157267465371509"
"1"," "
"1","
"
"1","640"
"1","5550296508_10157267301821509"
"1"," "
"1","
"
"1","641"
"1","5550296508_10157266239031509"
"1"," "
"1","
"
"1","642"
"1","5550296508_10157264741611509"
"1"," "
"1","
"
"1","643"
"1","5550296508_10157264185951509"
"1"," "
"1","
"
"1","644"
"1","5550296508_10157261619256509"
"1"," "
"1","
"
"1","645"
"1","5550296508_10157252390586509"
"1"," "
"1","
"
"1","646"
"1","5550296508_10157260191266509"
"1"," "
"1","
"
"1","647"
"1","5550296508_10157253636566509"
"1"," "
"1","
"
"1","648"
"1","5550296508_10157253669246509"
"1"," "
"1","
"
"1","649"
"1","5550296508_10157257461996509"
"1"," "
"1","
"
"1","650"
"1","5550296508_10157253477311509"
"1"," "
"1","
"
"1","651"
"1","5550296508_10157255149651509"
"1"," "
"1","
"
"1","652"
"1","5550296508_10157254925221509"
"1"," "
"1","
"
"1","653"
"1","5550296508_10157254469566509"
"1"," "
"1","
"
"1","654"
"1","5550296508_10157254462801509"
"1"," "
"1","
"
"1","655"
"1","5550296508_1346992462065556"
"1"," "
"1","
"
"1","656"
"1","5550296508_10157252709376509"
"1"," "
"1","
"
"1","657"
"1","5550296508_10157252145981509"
"1"," "
"1","
"
"1","658"
"1","5550296508_10157251909091509"
"1"," "
"1","
"
"1","659"
"1","5550296508_10157251818001509"
"1"," "
"1","
"
"1","660"
"1","5550296508_10157251478646509"
"1"," "
"1","
"
"1","661"
"1","5550296508_10157251417556509"
"1"," "
"1","
"
"1","662"
"1","5550296508_10157251349896509"
"1"," "
"1","
"
"1","663"
"1","5550296508_10157250571336509"
"1"," "
"1","
"
"1","664"
"1","5550296508_10157248943071509"
"1"," "
"1","
"
"1","665"
"1","5550296508_10157248630371509"
"1"," "
"1","
"
"1","666"
"1","5550296508_10157248517171509"
"1"," "
"1","
"
"1","667"
"1","5550296508_10157246024961509"
"1"," "
"1","
"
"1","668"
"1","5550296508_10157245718466509"
"1"," "
"1","
"
"1","669"
"1","5550296508_10157245612416509"
"1"," "
"1","
"
"1","670"
"1","5550296508_10157245407951509"
"1"," "
"1","
"
"1","671"
"1","5550296508_10157244867116509"
"1"," "
"1","
"
"1","672"
"1","5550296508_10157244669646509"
"1"," "
"1","
"
"1","673"
"1","5550296508_10157244274501509"
"1"," "
"1","
"
"1","674"
"1","5550296508_10157242502931509"
"1"," "
"1","
"
"1","675"
"1","5550296508_10157241465761509"
"1"," "
"1","
"
"1","676"
"1","5550296508_10157240655386509"
"1"," "
"1","
"
"1","677"
"1","5550296508_10157240535826509"
"1"," "
"1","
"
"1","678"
"1","5550296508_10157239625126509"
"1"," "
"1","
"
"1","679"
"1","5550296508_10157238810206509"
"1"," "
"1","
"
"1","680"
"1","5550296508_10157238215686509"
"1"," "
"1","
"
"1","681"
"1","5550296508_10157236226266509"
"1"," "
"1","
"
"1","682"
"1","5550296508_10157236138791509"
"1"," "
"1","
"
"1","683"
"1","5550296508_10157235979711509"
"1"," "
"1","
"
"1","684"
"1","5550296508_10157235333226509"
"1"," "
"1","
"
"1","685"
"1","5550296508_10157233854376509"
"1"," "
"1","
"
"1","686"
"1","5550296508_10157233634791509"
"1"," "
"1","
"
"1","687"
"1","5550296508_10156942117651509"
"1"," "
"1","
"
"1","688"
"1","5550296508_10156938983236509"
"1"," "
"1","
"
"1","689"
"1","5550296508_10156936145141509"
"1"," "
"1","
"
"1","690"
"1","5550296508_10156935600186509"
"1"," "
"1","
"
"1","691"
"1","5550296508_10156935175791509"
"1"," "
"1","
"
"1","692"
"1","5550296508_10156926018856509"
"1"," "
"1","
"
"1","693"
"1","5550296508_10156923236916509"
"1"," "
"1","
"
"1","694"
"1","5550296508_10156920430281509"
"1"," "
"1","
"
"1","695"
"1","5550296508_10156918373526509"
"1"," "
"1","
"
"1","696"
"1","5550296508_10156916988186509"
"1"," "
"1","
"
"1","697"
"1","5550296508_10156912159416509"
"1"," "
"1","
"
"1","698"
"1","5550296508_10156905966126509"
"1"," "
"1","
"
"1","699"
"1","5550296508_10156902442166509"
"1"," "
"1","
"
"1","700"
"1","5550296508_10156899009886509"
"1"," "
"1","
"
"1","701"
"1","5550296508_10156898862936509"
"1"," "
"1","
"
"1","702"
"1","5550296508_10156897538821509"
"1"," "
"1","
"
"1","703"
"1","5550296508_10156897332471509"
"1"," "
"1","
"
"1","704"
"1","5550296508_10156896914921509"
"1"," "
"1","
"
"1","705"
"1","5550296508_10156895777611509"
"1"," "
"1","
"
"1","706"
"1","5550296508_10156886136581509"
"1"," "
"1","
"
"1","707"
"1","5550296508_10156885103081509"
"1"," "
"1","
"
"1","708"
"1","5550296508_10156882426656509"
"1"," "
"1","
"
"1","709"
"1","5550296508_10156878013016509"
"1"," "
"1","
"
"1","710"
"1","5550296508_10156877939536509"
"1"," "
"1","
"
"1","711"
"1","5550296508_10156868490191509"
"1"," "
"1","
"
"1","712"
"1","5550296508_10156868154936509"
"1"," "
"1","
"
"1","713"
"1","5550296508_10156867098416509"
"1"," "
"1","
"
"1","714"
"1","5550296508_10156865078996509"
"1"," "
"1","
"
"1","715"
"1","5550296508_10156865070571509"
"1"," "
"1","
"
"1","716"
"1","5550296508_10156864629821509"
"1"," "
"1","
"
"1","717"
"1","5550296508_10156863667371509"
"1"," "
"1","
"
"1","718"
"1","5550296508_10156862800326509"
"1"," "
"1","
"
"1","719"
"1","5550296508_10156862676746509"
"1"," "
"1","
"
"1","720"
"1","5550296508_10156861221056509"
"1"," "
"1","
"
"1","721"
"1","5550296508_10156859989221509"
"1"," "
"1","
"
"1","722"
"1","5550296508_10156859432076509"
"1"," "
"1","
"
"1","723"
"1","5550296508_10156859226126509"
"1"," "
"1","
"
"1","724"
"1","5550296508_10156851679211509"
"1"," "
"1","
"
"1","725"
"1","5550296508_10156850243101509"
"1"," "
"1","
"
"1","726"
"1","5550296508_10156849558346509"
"1"," "
"1","
"
"1","727"
"1","5550296508_10156845059411509"
"1"," "
"1","
"
"1","728"
"1","5550296508_10156844186866509"
"1"," "
"1","
"
"1","729"
"1","5550296508_10156843936251509"
"1"," "
"1","
"
"1","730"
"1","5550296508_10156843730791509"
"1"," "
"1","
"
"1","731"
"1","5550296508_10156843237396509"
"1"," "
"1","
"
"1","732"
"1","5550296508_10156842705431509"
"1"," "
"1","
"
"1","733"
"1","5550296508_10156842107586509"
"1"," "
"1","
"
"1","734"
"1","5550296508_10156841943131509"
"1"," "
"1","
"
"1","735"
"1","5550296508_10156841929681509"
"1"," "
"1","
"
"1","736"
"1","5550296508_10156841757781509"
"1"," "
"1","
"
"1","737"
"1","5550296508_10156841312096509"
"1"," "
"1","
"
"1","738"
"1","5550296508_10156838958541509"
"1"," "
"1","
"
"1","739"
"1","5550296508_1269476753150461"
"1"," "
"1","
"
"1","740"
"1","5550296508_10156833664726509"
"1"," "
"1","
"
"1","741"
"1","5550296508_10156829622551509"
"1"," "
"1","
"
"1","742"
"1","5550296508_10156824236956509"
"1"," "
"1","
"
"1","743"
"1","5550296508_10156823704801509"
"1"," "
"1","
"
"1","744"
"1","5550296508_10156819898386509"
"1"," "
"1","
"
"1","745"
"1","5550296508_10156817462221509"
"1"," "
"1","
"
"1","746"
"1","5550296508_10156816975721509"
"1"," "
"1","
"
"1","747"
"1","5550296508_10156815943626509"
"1"," "
"1","
"
"1","748"
"1","5550296508_10156815756316509"
"1"," "
"1","
"
"1","749"
"1","5550296508_10156809386866509"
"1"," "
"1","
"
"1","750"
"1","5550296508_10156807943356509"
"1"," "
"1","
"
"1","751"
"1","5550296508_10156805946751509"
"1"," "
"1","
"
"1","752"
"1","5550296508_10156805924341509"
"1"," "
"1","
"
"1","753"
"1","5550296508_10156805743991509"
"1"," "
"1","
"
"1","754"
"1","5550296508_10156804937561509"
"1"," "
"1","
"
"1","755"
"1","5550296508_10156804763481509"
"1"," "
"1","
"
"1","756"
"1","5550296508_10156800632636509"
"1"," "
"1","
"
"1","757"
"1","5550296508_10156797957096509"
"1"," "
"1","
"
"1","758"
"1","5550296508_10156796078626509"
"1"," "
"1","
"
"1","759"
"1","5550296508_10156795478611509"
"1"," "
"1","
"
"1","760"
"1","5550296508_10156792001206509"
"1"," "
"1","
"
"1","761"
"1","5550296508_10156789990796509"
"1"," "
"1","
"
"1","762"
"1","5550296508_10156788765446509"
"1"," "
"1","
"
"1","763"
"1","5550296508_10156787057201509"
"1"," "
"1","
"
"1","764"
"1","5550296508_10156786208721509"
"1"," "
"1","
"
"1","765"
"1","5550296508_10156778766921509"
"1"," "
"1","
"
"1","766"
"1","5550296508_10156776421531509"
"1"," "
"1","
"
"1","767"
"1","5550296508_10156776144571509"
"1"," "
"1","
"
"1","768"
"1","5550296508_10156774444301509"
"1"," "
"1","
"
"1","769"
"1","5550296508_10156773474801509"
"1"," "
"1","
"
"1","770"
"1","5550296508_10156773062971509"
"1"," "
"1","
"
"1","771"
"1","5550296508_10156770405166509"
"1"," "
"1","
"
"1","772"
"1","5550296508_10156769585586509"
"1"," "
"1","
"
"1","773"
"1","5550296508_10156768676561509"
"1"," "
"1","
"
"1","774"
"1","5550296508_10156763960831509"
"1"," "
"1","
"
"1","775"
"1","5550296508_10156763739631509"
"1"," "
"1","
"
"1","776"
"1","5550296508_10156761593661509"
"1"," "
"1","
"
"1","777"
"1","5550296508_10156760394696509"
"1"," "
"1","
"
"1","778"
"1","5550296508_10156754283186509"
"1"," "
"1","
"
"1","779"
"1","5550296508_10156753750911509"
"1"," "
"1","
"
"1","780"
"1","5550296508_10156753109056509"
"1"," "
"1","
"
"1","781"
"1","5550296508_10156751087031509"
"1"," "
"1","
"
"1","782"
"1","5550296508_10156750866986509"
"1"," "
"1","
"
"1","783"
"1","5550296508_10156750789256509"
"1"," "
"1","
"
"1","784"
"1","5550296508_10156745879521509"
"1"," "
"1","
"
"1","785"
"1","5550296508_10156744688896509"
"1"," "
"1","
"
"1","786"
"1","5550296508_10156744073341509"
"1"," "
"1","
"
"1","787"
"1","5550296508_10156732030666509"
"1"," "
"1","
"
"1","788"
"1","5550296508_10156732064441509"
"1"," "
"1","
"
"1","789"
"1","5550296508_10156726997996509"
"1"," "
"1","
"
"1","790"
"1","5550296508_10156726942076509"
"1"," "
"1","
"
"1","791"
"1","5550296508_10156725887636509"
"1"," "
"1","
"
"1","792"
"1","5550296508_10156725079391509"
"1"," "
"1","
"
"1","793"
"1","5550296508_10156724537721509"
"1"," "
"1","
"
"1","794"
"1","5550296508_10156724449116509"
"1"," "
"1","
"
"1","795"
"1","5550296508_10156723795941509"
"1"," "
"1","
"
"1","796"
"1","5550296508_10156718100011509"
"1"," "
"1","
"
"1","797"
"1","5550296508_10156718057731509"
"1"," "
"1","
"
"1","798"
"1","5550296508_10156713831796509"
"1"," "
"1","
"
"1","799"
"1","5550296508_10156713605661509"
"1"," "
"1","
"
"1","800"
"1","5550296508_10156712968846509"
"1"," "
"1","
"
"1","801"
"1","5550296508_10156712658596509"
"1"," "
"1","
"
"1","802"
"1","5550296508_10156708828521509"
"1"," "
"1","
"
"1","803"
"1","5550296508_10156708496661509"
"1"," "
"1","
"
"1","804"
"1","5550296508_10156706504076509"
"1"," "
"1","
"
"1","805"
"1","5550296508_10156706306381509"
"1"," "
"1","
"
"1","806"
"1","5550296508_10156701160426509"
"1"," "
"1","
"
"1","807"
"1","5550296508_10156699827981509"
"1"," "
"1","
"
"1","808"
"1","5550296508_10156698718686509"
"1"," "
"1","
"
"1","809"
"1","5550296508_10156698061996509"
"1"," "
"1","
"
"1","810"
"1","5550296508_10156685122981509"
"1"," "
"1","
"
"1","811"
"1","5550296508_10156684953476509"
"1"," "
"1","
"
"1","812"
"1","5550296508_10156684829526509"
"1"," "
"1","
"
"1","813"
"1","5550296508_10156681290811509"
"1"," "
"1","
"
"1","814"
"1","5550296508_10156678188861509"
"1"," "
"1","
"
"1","815"
"1","5550296508_10156674277231509"
"1"," "
"1","
"
"1","816"
"1","5550296508_10156673315526509"
"1"," "
"1","
"
"1","817"
"1","5550296508_10156670194196509"
"1"," "
"1","
"
"1","818"
"1","5550296508_10156308955166509"
"1"," "
"1","
"
"1","819"
"1","5550296508_10156307710476509"
"1"," "
"1","
"
"1","820"
"1","5550296508_10156307055541509"
"1"," "
"1","
"
"1","821"
"1","5550296508_10156306928871509"
"1"," "
"1","
"
"1","822"
"1","5550296508_10156305954221509"
"1"," "
"1","
"
"1","823"
"1","5550296508_10156305507006509"
"1"," "
"1","
"
"1","824"
"1","5550296508_1200471670050970"
"1"," "
"1","
"
"1","825"
"1","5550296508_10156302869291509"
"1"," "
"1","
"
"1","826"
"1","5550296508_10156301576716509"
"1"," "
"1","
"
"1","827"
"1","5550296508_10156298998771509"
"1"," "
"1","
"
"1","828"
"1","5550296508_10156296373816509"
"1"," "
"1","
"
"1","829"
"1","5550296508_10156296058501509"
"1"," "
"1","
"
"1","830"
"1","5550296508_10156295409326509"
"1"," "
"1","
"
"1","831"
"1","5550296508_10156295242136509"
"1"," "
"1","
"
"1","832"
"1","5550296508_10156292951371509"
"1"," "
"1","
"
"1","833"
"1","5550296508_10156288778916509"
"1"," "
"1","
"
"1","834"
"1","5550296508_10156288675451509"
"1"," "
"1","
"
"1","835"
"1","5550296508_10156287200161509"
"1"," "
"1","
"
"1","836"
"1","5550296508_10156286133936509"
"1"," "
"1","
"
"1","837"
"1","5550296508_10156282679761509"
"1"," "
"1","
"
"1","838"
"1","5550296508_10156279803981509"
"1"," "
"1","
"
"1","839"
"1","5550296508_10156279100686509"
"1"," "
"1","
"
"1","840"
"1","5550296508_10156278973651509"
"1"," "
"1","
"
"1","841"
"1","5550296508_10156277358636509"
"1"," "
"1","
"
"1","842"
"1","5550296508_10156274162461509"
"1"," "
"1","
"
"1","843"
"1","5550296508_10156272035216509"
"1"," "
"1","
"
"1","844"
"1","5550296508_10156271727591509"
"1"," "
"1","
"
"1","845"
"1","5550296508_10156270784861509"
"1"," "
"1","
"
"1","846"
"1","5550296508_10156270231431509"
"1"," "
"1","
"
"1","847"
"1","5550296508_10156267979721509"
"1"," "
"1","
"
"1","848"
"1","5550296508_10156267341851509"
"1"," "
"1","
"
"1","849"
"1","5550296508_10156264401501509"
"1"," "
"1","
"
"1","850"
"1","5550296508_10156264195676509"
"1"," "
"1","
"
"1","851"
"1","5550296508_10156262237431509"
"1"," "
"1","
"
"1","852"
"1","5550296508_10156261885976509"
"1"," "
"1","
"
"1","853"
"1","5550296508_10156260931361509"
"1"," "
"1","
"
"1","854"
"1","5550296508_10156258327541509"
"1"," "
"1","
"
"1","855"
"1","5550296508_10156257843431509"
"1"," "
"1","
"
"1","856"
"1","5550296508_10156257407281509"
"1"," "
"1","
"
"1","857"
"1","5550296508_10156255628396509"
"1"," "
"1","
"
"1","858"
"1","5550296508_10156255511781509"
"1"," "
"1","
"
"1","859"
"1","5550296508_10156255478291509"
"1"," "
"1","
"
"1","860"
"1","5550296508_10156255083756509"
"1"," "
"1","
"
"1","861"
"1","5550296508_10156253909221509"
"1"," "
"1","
"
"1","862"
"1","5550296508_10156254016131509"
"1"," "
"1","
"
"1","863"
"1","5550296508_10156250627721509"
"1"," "
"1","
"
"1","864"
"1","5550296508_10156248831146509"
"1"," "
"1","
"
"1","865"
"1","5550296508_10156248433311509"
"1"," "
"1","
"
"1","866"
"1","5550296508_10156245972521509"
"1"," "
"1","
"
"1","867"
"1","5550296508_10156243318311509"
"1"," "
"1","
"
"1","868"
"1","5550296508_10156241563291509"
"1"," "
"1","
"
"1","869"
"1","5550296508_10156240868251509"
"1"," "
"1","
"
"1","870"
"1","5550296508_10156240321486509"
"1"," "
"1","
"
"1","871"
"1","5550296508_10156237868106509"
"1"," "
"1","
"
"1","872"
"1","5550296508_10156237165141509"
"1"," "
"1","
"
"1","873"
"1","5550296508_10156237159141509"
"1"," "
"1","
"
"1","874"
"1","5550296508_10156236067441509"
"1"," "
"1","
"
"1","875"
"1","5550296508_10156235150991509"
"1"," "
"1","
"
"1","876"
"1","5550296508_10156233982171509"
"1"," "
"1","
"
"1","877"
"1","5550296508_10156233765711509"
"1"," "
"1","
"
"1","878"
"1","5550296508_10156226430191509"
"1"," "
"1","
"
"1","879"
"1","5550296508_10156224060436509"
"1"," "
"1","
"
"1","880"
"1","5550296508_10156222416846509"
"1"," "
"1","
"
"1","881"
"1","5550296508_10156222403641509"
"1"," "
"1","
"
"1","882"
"1","5550296508_10156218348191509"
"1"," "
"1","
"
"1","883"
"1","5550296508_10156214131736509"
"1"," "
"1","
"
"1","884"
"1","5550296508_10156213124136509"
"1"," "
"1","
"
"1","885"
"1","5550296508_10156212828986509"
"1"," "
"1","
"
"1","886"
"1","5550296508_10156211852256509"
"1"," "
"1","
"
"1","887"
"1","5550296508_10156210710571509"
"1"," "
"1","
"
"1","888"
"1","5550296508_10156210545001509"
"1"," "
"1","
"
"1","889"
"1","5550296508_10156206043526509"
"1"," "
"1","
"
"1","890"
"1","5550296508_10156205019191509"
"1"," "
"1","
"
"1","891"
"1","5550296508_10156203423101509"
"1"," "
"1","
"
"1","892"
"1","5550296508_10156202962271509"
"1"," "
"1","
"
"1","893"
"1","5550296508_10156202405961509"
"1"," "
"1","
"
"1","894"
"1","5550296508_10156198589461509"
"1"," "
"1","
"
"1","895"
"1","5550296508_10156194101936509"
"1"," "
"1","
"
"1","896"
"1","5550296508_10156193911576509"
"1"," "
"1","
"
"1","897"
"1","5550296508_10156191602796509"
"1"," "
"1","
"
"1","898"
"1","5550296508_10156188172036509"
"1"," "
"1","
"
"1","899"
"1","5550296508_10156181655626509"
"1"," "
"1","
"
"1","900"
"1","5550296508_10156180507441509"
"1"," "
"1","
"
"1","901"
"1","5550296508_10156180046341509"
"1"," "
"1","
"
"1","902"
"1","5550296508_10156177041461509"
"1"," "
"1","
"
"1","903"
"1","5550296508_10156176823966509"
"1"," "
"1","
"
"1","904"
"1","5550296508_10156174999836509"
"1"," "
"1","
"
"1","905"
"1","5550296508_10156174845866509"
"1"," "
"1","
"
"1","906"
"1","5550296508_10156174776111509"
"1"," "
"1","
"
"1","907"
"1","5550296508_10156173384256509"
"1"," "
"1","
"
"1","908"
"1","5550296508_10156169306741509"
"1"," "
"1","
"
"1","909"
"1","5550296508_10156169000026509"
"1"," "
"1","
"
"1","910"
"1","5550296508_10156167738866509"
"1"," "
"1","
"
"1","911"
"1","5550296508_10156167731941509"
"1"," "
"1","
"
"1","912"
"1","5550296508_10156166911376509"
"1"," "
"1","
"
"1","913"
"1","5550296508_10156166212886509"
"1"," "
"1","
"
"1","914"
"1","5550296508_10156162632346509"
"1"," "
"1","
"
"1","915"
"1","5550296508_10156162150386509"
"1"," "
"1","
"
"1","916"
"1","5550296508_10156161696836509"
"1"," "
"1","
"
"1","917"
"1","5550296508_10156158033211509"
"1"," "
"1","
"
"1","918"
"1","5550296508_10156156494211509"
"1"," "
"1","
"
"1","919"
"1","5550296508_10156156213876509"
"1"," "
"1","
"
"1","920"
"1","5550296508_10156151434501509"
"1"," "
"1","
"
"1","921"
"1","5550296508_10156150429206509"
"1"," "
"1","
"
"1","922"
"1","5550296508_10156150102531509"
"1"," "
"1","
"
"1","923"
"1","5550296508_10156148221401509"
"1"," "
"1","
"
"1","924"
"1","5550296508_10156145593916509"
"1"," "
"1","
"
"1","925"
"1","5550296508_10156145369511509"
"1"," "
"1","
"
"1","926"
"1","5550296508_10156144700121509"
"1"," "
"1","
"
"1","927"
"1","5550296508_10156141588871509"
"1"," "
"1","
"
"1","928"
"1","5550296508_10156139849541509"
"1"," "
"1","
"
"1","929"
"1","5550296508_10156139006321509"
"1"," "
"1","
"
"1","930"
"1","5550296508_10156138492716509"
"1"," "
"1","
"
"1","931"
"1","5550296508_10156138135946509"
"1"," "
"1","
"
"1","932"
"1","5550296508_10156137705036509"
"1"," "
"1","
"
"1","933"
"1","5550296508_10156137435771509"
"1"," "
"1","
"
"1","934"
"1","5550296508_10156136272236509"
"1"," "
"1","
"
"1","935"
"1","5550296508_10156136171536509"
"1"," "
"1","
"
"1","936"
"1","5550296508_10156134988131509"
"1"," "
"1","
"
"1","937"
"1","5550296508_10156134665531509"
"1"," "
"1","
"
"1","938"
"1","5550296508_10156131333251509"
"1"," "
"1","
"
"1","939"
"1","5550296508_10156130413336509"
"1"," "
"1","
"
"1","940"
"1","5550296508_10156129904561509"
"1"," "
"1","
"
"1","941"
"1","5550296508_10156129722141509"
"1"," "
"1","
"
"1","942"
"1","5550296508_10156128769791509"
"1"," "
"1","
"
"1","943"
"1","5550296508_10156128361561509"
"1"," "
"1","
"
"1","944"
"1","5550296508_10156125566586509"
"1"," "
"1","
"
"1","945"
"1","5550296508_10156124882156509"
"1"," "
"1","
"
"1","946"
"1","5550296508_10156124701186509"
"1"," "
"1","
"
"1","947"
"1","5550296508_10156124608626509"
"1"," "
"1","
"
"1","948"
"1","5550296508_10156123868966509"
"1"," "
"1","
"
"1","949"
"1","5550296508_10156123291921509"
"1"," "
"1","
"
"1","950"
"1","5550296508_10156122841191509"
"1"," "
"1","
"
"1","951"
"1","5550296508_10156120731586509"
"1"," "
"1","
"
"1","952"
"1","5550296508_10156120501701509"
"1"," "
"1","
"
"1","953"
"1","5550296508_10156119275376509"
"1"," "
"1","
"
"1","954"
"1","5550296508_10156118685876509"
"1"," "
"1","
"
"1","955"
"1","5550296508_10156117526031509"
"1"," "
"1","
"
"1","956"
"1","5550296508_10156117326961509"
"1"," "
"1","
"
"1","957"
"1","5550296508_10156111453421509"
"1"," "
"1","
"
"1","958"
"1","5550296508_10156111386056509"
"1"," "
"1","
"
"1","959"
"1","5550296508_10156109776336509"
"1"," "
"1","
"
"1","960"
"1","5550296508_10156106193666509"
"1"," "
"1","
"
"1","961"
"1","5550296508_10156105716836509"
"1"," "
"1","
"
"1","962"
"1","5550296508_10156104577376509"
"1"," "
"1","
"
"1","963"
"1","5550296508_10156103278091509"
"1"," "
"1","
"
"1","964"
"1","5550296508_10156101661691509"
"1"," "
"1","
"
"1","965"
"1","5550296508_10156091141371509"
"1"," "
"1","
"
"1","966"
"1","5550296508_10156090898116509"
"1"," "
"1","
"
"1","967"
"1","5550296508_10156088576036509"
"1"," "
"1","
"
"1","968"
"1","5550296508_10156085401091509"
"1"," "
"1","
"
"1","969"
"1","5550296508_10156083986541509"
"1"," "
"1","
"
"1","970"
"1","5550296508_10156082074676509"
"1"," "
"1","
"
"1","971"
"1","5550296508_10155844518361509"
"1"," "
"1","
"
"1","972"
"1","5550296508_10155844403556509"
"1"," "
"1","
"
"1","973"
"1","5550296508_10155843044786509"
"1"," "
"1","
"
"1","974"
"1","5550296508_10155842654676509"
"1"," "
"1","
"
"1","975"
"1","5550296508_10155842024831509"
"1"," "
"1","
"
"1","976"
"1","5550296508_10155841975511509"
"1"," "
"1","
"
"1","977"
"1","5550296508_10155841793261509"
"1"," "
"1","
"
"1","978"
"1","5550296508_10155841634691509"
"1"," "
"1","
"
"1","979"
"1","5550296508_10155840668736509"
"1"," "
"1","
"
"1","980"
"1","5550296508_10155840427486509"
"1"," "
"1","
"
"1","981"
"1","5550296508_10155840021511509"
"1"," "
"1","
"
"1","982"
"1","5550296508_10155839509836509"
"1"," "
"1","
"
"1","983"
"1","5550296508_10155839440646509"
"1"," "
"1","
"
"1","984"
"1","5550296508_10155835762261509"
"1"," "
"1","
"
"1","985"
"1","5550296508_10155833944731509"
"1"," "
"1","
"
"1","986"
"1","5550296508_10155833132576509"
"1"," "
"1","
"
"1","987"
"1","5550296508_10155829790186509"
"1"," "
"1","
"
"1","988"
"1","5550296508_10155829335226509"
"1"," "
"1","
"
"1","989"
"1","5550296508_10155826260461509"
"1"," "
"1","
"
"1","990"
"1","5550296508_10155825876366509"
"1"," "
"1","
"
"1","991"
"1","5550296508_10155824156701509"
"1"," "
"1","
"
"1","992"
"1","5550296508_10155824068601509"
"1"," "
"1","
"
"1","993"
"1","5550296508_10155820153181509"
"1"," "
"1","
"
"1","994"
"1","5550296508_10155819841286509"
"1"," "
"1","
"
"1","995"
"1","5550296508_10155819586791509"
"1"," "
"1","
"
"1","996"
"1","5550296508_10155819423546509"
"1"," "
"1","
"
"1","997"
"1","5550296508_10155819087986509"
"1"," "
"1","
"
"1","998"
"1","5550296508_10155814510406509"
"1"," "
"1","
"
"1","999"
"1","5550296508_10155814356986509"
"1"," "
"1","
"
"1","1000"
"1","5550296508_10155813410466509"
"1"," "
"1","
"
"1","1001"
"1","5550296508_10155813203706509"
"1"," "
"1","
"
"1","1002"
"1","5550296508_10155812109921509"
"1"," "
"1","
"
"1","1003"
"1","5550296508_10155811167301509"
"1"," "
"1","
"
"1","1004"
"1","5550296508_10155810207726509"
"1"," "
"1","
"
"1","1005"
"1","5550296508_10155809894691509"
"1"," "
"1","
"
"1","1006"
"1","5550296508_10155809230156509"
"1"," "
"1","
"
"1","1007"
"1","5550296508_10155808707271509"
"1"," "
"1","
"
"1","1008"
"1","5550296508_10155806128646509"
"1"," "
"1","
"
"1","1009"
"1","5550296508_10155804728136509"
"1"," "
"1","
"
"1","1010"
"1","5550296508_10155804231086509"
"1"," "
"1","
"
"1","1011"
"1","5550296508_10155803566586509"
"1"," "
"1","
"
"1","1012"
"1","5550296508_10155803467416509"
"1"," "
"1","
"
"1","1013"
"1","5550296508_10155801712781509"
"1"," "
"1","
"
"1","1014"
"1","5550296508_10155801534561509"
"1"," "
"1","
"
"1","1015"
"1","5550296508_10155801071071509"
"1"," "
"1","
"
"1","1016"
"1","5550296508_10155800483331509"
"1"," "
"1","
"
"1","1017"
"1","5550296508_10155799379671509"
"1"," "
"1","
"
"1","1018"
"1","5550296508_10155796949371509"
"1"," "
"1","
"
"1","1019"
"1","5550296508_10155793443736509"
"1"," "
"1","
"
"1","1020"
"1","5550296508_10155793112751509"
"1"," "
"1","
"
"1","1021"
"1","5550296508_10155792715956509"
"1"," "
"1","
"
"1","1022"
"1","5550296508_10155790944541509"
"1"," "
"1","
"
"1","1023"
"1","5550296508_10155789100771509"
"1"," "
"1","
"
"1","1024"
"1","5550296508_10155787941111509"
"1"," "
"1","
"
"1","1025"
"1","5550296508_10155787756191509"
"1"," "
"1","
"
"1","1026"
"1","5550296508_10155785540961509"
"1"," "
"1","
"
"1","1027"
"1","5550296508_10155781685231509"
"1"," "
"1","
"
"1","1028"
"1","5550296508_10155781454006509"
"1"," "
"1","
"
"1","1029"
"1","5550296508_10155780675611509"
"1"," "
"1","
"
"1","1030"
"1","5550296508_10155780669756509"
"1"," "
"1","
"
"1","1031"
"1","5550296508_10155780136941509"
"1"," "
"1","
"
"1","1032"
"1","5550296508_10155779626486509"
"1"," "
"1","
"
"1","1033"
"1","5550296508_10155779477866509"
"1"," "
"1","
"
"1","1034"
"1","5550296508_10155776555181509"
"1"," "
"1","
"
"1","1035"
"1","5550296508_10155776520186509"
"1"," "
"1","
"
"1","1036"
"1","5550296508_10155775679666509"
"1"," "
"1","
"
"1","1037"
"1","5550296508_10155774471391509"
"1"," "
"1","
"
"1","1038"
"1","5550296508_10155774252786509"
"1"," "
"1","
"
"1","1039"
"1","5550296508_10155772918801509"
"1"," "
"1","
"
"1","1040"
"1","5550296508_10155770190221509"
"1"," "
"1","
"
"1","1041"
"1","5550296508_10155769873161509"
"1"," "
"1","
"
"1","1042"
"1","5550296508_10155769433306509"
"1"," "
"1","
"
"1","1043"
"1","5550296508_10155767936691509"
"1"," "
"1","
"
"1","1044"
"1","5550296508_10155767901781509"
"1"," "
"1","
"
"1","1045"
"1","5550296508_10155765446796509"
"1"," "
"1","
"
"1","1046"
"1","5550296508_10155759816231509"
"1"," "
"1","
"
"1","1047"
"1","5550296508_10155759521561509"
"1"," "
"1","
"
"1","1048"
"1","5550296508_10155759390936509"
"1"," "
"1","
"
"1","1049"
"1","5550296508_10155758625046509"
"1"," "
"1","
"
"1","1050"
"1","5550296508_10155757306716509"
"1"," "
"1","
"
"1","1051"
"1","5550296508_10155757145661509"
"1"," "
"1","
"
"1","1052"
"1","5550296508_10155756098966509"
"1"," "
"1","
"
"1","1053"
"1","5550296508_10155753317221509"
"1"," "
"1","
"
"1","1054"
"1","5550296508_10155753246271509"
"1"," "
"1","
"
"1","1055"
"1","5550296508_10155752336301509"
"1"," "
"1","
"
"1","1056"
"1","5550296508_10155750534221509"
"1"," "
"1","
"
"1","1057"
"1","5550296508_10155750323731509"
"1"," "
"1","
"
"1","1058"
"1","5550296508_10155748765771509"
"1"," "
"1","
"
"1","1059"
"1","5550296508_10155746065216509"
"1"," "
"1","
"
"1","1060"
"1","5550296508_10155745362721509"
"1"," "
"1","
"
"1","1061"
"1","5550296508_10155745296041509"
"1"," "
"1","
"
"1","1062"
"1","5550296508_10155741870716509"
"1"," "
"1","
"
"1","1063"
"1","5550296508_10155741136931509"
"1"," "
"1","
"
"1","1064"
"1","5550296508_10155740832791509"
"1"," "
"1","
"
"1","1065"
"1","5550296508_10155740376946509"
"1"," "
"1","
"
"1","1066"
"1","5550296508_10155739719031509"
"1"," "
"1","
"
"1","1067"
"1","5550296508_10155739559391509"
"1"," "
"1","
"
"1","1068"
"1","5550296508_10155739591841509"
"1"," "
"1","
"
"1","1069"
"1","5550296508_10155739354771509"
"1"," "
"1","
"
"1","1070"
"1","5550296508_10155738788441509"
"1"," "
"1","
"
"1","1071"
"1","5550296508_10155738682761509"
"1"," "
"1","
"
"1","1072"
"1","5550296508_10155736774871509"
"1"," "
"1","
"
"1","1073"
"1","5550296508_10155736444041509"
"1"," "
"1","
"
"1","1074"
"1","5550296508_10155734180976509"
"1"," "
"1","
"
"1","1075"
"1","5550296508_10155731057226509"
"1"," "
"1","
"
"1","1076"
"1","5550296508_10155730850941509"
"1"," "
"1","
"
"1","1077"
"1","5550296508_10155729158711509"
"1"," "
"1","
"
"1","1078"
"1","5550296508_10155728192856509"
"1"," "
"1","
"
"1","1079"
"1","5550296508_10155722412266509"
"1"," "
"1","
"
"1","1080"
"1","5550296508_10155718510776509"
"1"," "
"1","
"
"1","1081"
"1","5550296508_10155713069341509"
"1"," "
"1","
"
"1","1082"
"1","5550296508_10155712948931509"
"1"," "
"1","
"
"1","1083"
"1","5550296508_10155712864851509"
"1"," "
"1","
"
"1","1084"
"1","5550296508_10155711944856509"
"1"," "
"1","
"
"1","1085"
"1","5550296508_10155710141766509"
"1"," "
"1","
"
"1","1086"
"1","5550296508_10155707717156509"
"1"," "
"1","
"
"1","1087"
"1","5550296508_10155707222231509"
"1"," "
"1","
"
"1","1088"
"1","5550296508_10155706695846509"
"1"," "
"1","
"
"1","1089"
"1","5550296508_10155706211816509"
"1"," "
"1","
"
"1","1090"
"1","1"
"1"," "
"1","
"
"0","comments <- bind_rows(data_list)"
